customer_id,policyNumber,referralId,accountCreateDate,igoDate,offerDate,applicationSignedDate,issuedDate,status,paidToDate,pending_ir,canceled_ir,declined_ir,monthlyPremium,faceAmount,term,finalRateClass,finalRateClassName,paidSource,paidSource_campaign,telesalesAgency,agentName,product,initialProductType,firstName,lastName,dateOfBirth,email,address,phoneNumber
62d0b87b366abf0028c65c34,410022664,,2022-07-14 20:44:43,2022-07-14 20:48:16,2022-07-14 20:48:16,,,,,0,1,0,14.72,250000,20,6,Best,policygenius,pg_NCleads_2023,,,HavenTermSI,HavenTermSI,Bree,Neal,1989-10-04 0:00:00,breeneal89@gmail.com,"107 Reign Way, Winchester, VA 22603",3236915662
646bb026302bd70019df1cd0,410033704,,2023-05-22 14:10:46,2023-05-22 14:22:38,2023-05-22 14:22:38,2023-05-22 14:29:08,2023-05-22 14:29:17,In Force (IF2 Active) : Billing Recurring (BR1 Billing Recurring),2023-09-22 14:29:08,0,0,0,59.86,500000,20,7,Better,policygenius,pg_leadgen_2023,,,HavenTermSI,HavenTermSI,Alexander,Mallett,1987-04-19 0:00:00,mallettalexanderl@gmail.com,"1109 S Park St 504271, Carrollton, GA 30117",4706766123
646bbce3c3dcbd0018d29730,410033711,,2023-05-22 15:05:07,2023-05-22 15:10:39,,,,,,0,0,1,0,300000,15,999,Declined (Uninsurable),policygenius,pg_leadgen_2023,,,HavenTermSI,HavenTermSI,Oliver,Jeffery,1971-12-03 0:00:00,ojeffery@msn.com,"293 HAVERLY STREET, CRESTED BUTTE, CO 81224",9702756354
646bc26cc3dcbd0018d299a0,410033712,,2023-05-22 15:28:44,,,,,,,0,1,0,0,500000,20,,,policygenius,pg_leadgen_2023,,,HavenTermSI,HavenTermSI,MARCIA,WILLIAMS,1975-11-25 0:00:00,marwilliams2511@gmail.com,"14715 POMEROL LANE, PINEVILLE, NC 28134",8033891690
6477f932c20b3e0018377cbd,410034152,,2023-05-31 21:49:38,2023-05-31 21:54:24,2023-05-31 21:54:24,,,,,0,1,0,212.3,1000000,10,8,Average,policygenius,pg_leadgen_2023,,,HavenTermSI,HavenTermSI,Jarad,Regan,1979-09-28 0:00:00,jaradregan@gmail.com,"380 Ormsby Lane , Petaluma, CA 94954",5308483720
64786fd2a1b9b2001a806103,410034165,,2023-06-01 6:15:46,2023-06-01 6:25:55,2023-06-01 6:25:55,,,,,0,1,0,63.78,500000,15,7,Better,policygenius,pg_leadgen_2023,,,HavenTermSI,HavenTermSI,Joseph,Miller,1984-08-21 7:00:00,joe@symlinc.com,"436 Janice Street, Paso Robles, CA 93446",8188544375
6478a1d7a1b9b2001a806500,410034170,,2023-06-01 9:49:11,2023-06-01 9:53:32,2023-06-01 9:53:32,,,,,0,1,0,62.27,1000000,20,6,Best,policygenius,pg_leadgen_2023,,,HavenTermSI,HavenTermSI,Stephen,Helvig,1986-02-05 0:00:00,stephenhelvig@gmail.com,"3880 Linden Cir, Excelsior, MN 55331",9529179189
64791fc349561a00184427d5,410034208,,2023-06-01 18:46:27,2023-06-01 18:52:08,,,,,,0,0,1,0,200000,20,999,Declined (Uninsurable),policygenius,pg_leadgen_2023,,,HavenTermSI,HavenTermSI,Lisa,Coffelt,1986-08-12 0:00:00,lisa.m.coffelt@gmail.com,"3947 Euclid Blvd, Youngstown, OH 44512",8183195303
64792e1ea1b9b2001a807b03,410034213,,2023-06-01 19:47:42,2023-06-01 19:55:34,2023-06-01 19:55:34,2023-06-01 20:03:43,2023-06-01 20:03:51,In Force (IF2 Active) : Billing Grace (BG2 Billing Grace),2023-09-01 20:03:43,0,0,0,34.21,50000,15,7,Better,policygenius,pg_leadgen_2023,,,HavenTermSI,HavenTermSI,Bernard,Combs,1968-05-09 0:00:00,aumiitu@gmail.com,"1909 stanhope court, Virginia Beach, VA 23464",7572855201
6479993b964d3e001a79645e,410034226,,2023-06-02 3:24:43,2023-06-02 3:42:30,2023-06-02 3:42:30,2023-06-07 17:24:11,2023-06-07 17:24:20,In Force (IF2 Active) : Billing Recurring (BR1 Billing Recurring),2023-10-07 17:24:11,0,0,0,14.81,150000,20,6,Best,policygenius,pg_leadgen_2023,,,HavenTermSI,HavenTermSI,Parris,Fluellen,1981-02-12 0:00:00,parrisf12@gmail.com,"22929 Mulberry Glen Dr., Valencia, CA 91354",3108827828
647a243649561a0018445065,410034247,,2023-06-02 13:17:42,2023-06-02 13:28:45,,,,,,0,0,1,0,800000,15,999,Declined (Uninsurable),policygenius,pg_leadgen_2023,,,HavenTermSI,HavenTermSI,Anthony,Gianacopoulos,1970-03-09 0:00:00,gianacopoulost@gmail.com,"81 Appletree Lane, Dalton, MA 01226",4135537460
647a2f4749561a001844529c,410034248,,2023-06-02 14:04:55,2023-06-02 14:12:24,2023-06-02 14:12:24,2023-06-02 14:18:52,2023-06-02 14:18:59,In Force (IF2 Active) : Billing Recurring (BR1 Billing Recurring),2023-10-02 14:18:52,0,0,0,44.8,500000,20,6,Best,policygenius,pg_leadgen_2023,,,HavenTermSI,HavenTermSI,Jason,Coblentz,1982-07-12 0:00:00,jasoncoblentz@gmail.com,"59294 Pine Ridge Rd, Lacombe, LA 70445",9852900123
6481dc14a1b9b2001a80fc7a,410034501,,2023-06-08 9:48:04,2023-06-08 9:56:15,,,,,,0,0,1,0,450000,20,999,Declined (Uninsurable),policygenius,pg_leadgen_2023,,,HavenTermSI,HavenTermSI,Melissa,Ford,1978-09-17 0:00:00,mwisher@gmail.com,"745 Barton Run Blvd, Marlton, NJ 08053",6092842600
649d9b76cebb35001988c044,410035614,,2023-06-29 10:55:50,2023-06-29 11:02:10,,,,,,0,0,1,0,350000,20,999,Declined (Uninsurable),policygenius,pg_leadgen_2023,,,HavenTermSI,HavenTermSI,Dustin,Mahlich,1986-02-05 0:00:00,dmahlich86@gmail.com,"4531 thurlby rd, Mason, MI 48854",5175255376
649e02cca1b9b2001a82fd4d,410035652,,2023-06-29 18:16:44,2023-06-29 18:19:36,2023-06-29 18:19:36,2023-06-29 18:28:32,2023-06-29 18:28:41,In Force (IF2 Active) : Billing Recurring (BR1 Billing Recurring),2023-09-28 18:28:32,0,0,0,31.51,550000,20,6,Best,policygenius,pg_leadgen_2023,,,HavenTermSI,HavenTermSI,Justin,Wykowski,1992-10-04 0:00:00,justin.wykowski@gmail.com,"5151 Viaduct Avenue, Halethorpe, MD 21227",5713091797
649e77daa1b9b2001a83097e,410035682,,2023-06-30 2:36:10,2023-06-30 2:44:28,,,,,,0,0,1,0,25000,5,999,Declined (Uninsurable),policygenius,pg_SQleads_2023,,,HavenTermSI,HavenTermSI,Jason,Austin,1979-09-29 0:00:00,jasonclass1979@gmail.com,"1903 Wellman drive se, Bogue Chitto, MS 39629",6016690585
64a120f649561a001846cb4f,410035789,,2023-07-02 3:02:14,,,,,,,0,1,0,0,200000,20,,,policygenius,pg_SQleads_2023,,,HavenTermSI,HavenTermSI,Katie,Mcdonald,1996-06-14 0:00:00,kittenmonster240@gmail.com,"1624 SE MILLER AVE, DALLAS, OR 97338",9712400189
64a22236a1b9b2001a8352d8,410035820,,2023-07-02 21:19:50,2023-07-02 21:29:01,2023-07-02 21:29:01,2023-07-02 21:33:19,2023-07-02 21:33:26,In Force (IF2 Active) : Billing Recurring (BR1 Billing Recurring),2023-10-02 21:33:19,0,0,0,21.17,200000,5,7,Better,policygenius,pg_leadgen_2023,,,HavenTermSI,HavenTermSI,Ronjae,Henderson,1987-04-07 0:00:00,ronjae214@gmail.com,"1718 Hillcrest ct, Balch Springs, TX 75180",2148760663
64a65f78e7f189001bb9ab6f,410036003,,2023-07-06 2:30:16,2023-07-06 2:43:43,,,,,,0,0,1,0,250000,15,999,Declined (Uninsurable),policygenius,pg_SQleads_2023,,,HavenTermSI,HavenTermSI,Wendy,Rossetti,1970-06-12 0:00:00,wendyrossetti@yahoo.com,"513 N Broadway , Geneva, OH 44041",4403613294
64a77c9613bfc0001691f33c,410036057,,2023-07-06 22:46:46,2023-07-06 22:52:12,,,,,,0,0,1,0,500000,20,999,Declined (Uninsurable),policygenius,pg_SQleads_2023,,,HavenTermSI,HavenTermSI,Timothy,Watkins,1993-03-13 0:00:00,tim.freedomflag@gmail.com,"6221 State Route 73, Wilmington, OH 45177",9377255465
64a8034fe7f189001bb9c849,410036067,,2023-07-07 8:21:35,2023-07-07 8:24:35,2023-07-07 8:24:35,2023-07-07 8:35:09,2023-07-07 8:35:19,In Force (IF2 Active) : Billing Recurring (BR1 Billing Recurring),2023-10-07 8:35:09,0,0,0,45.09,750000,20,6,Best,policygenius,pg_leadgen_2023,,,HavenTermSI,HavenTermSI,Kyle,Gross,1987-08-09 0:00:00,kylevgross@gmail.com,"4674 Hall St SE, Grand Rapids, MI 49546",6168881098
64a88dd297b3c10019de8ab6,410036099,,2023-07-07 18:12:34,,,,,,,0,1,0,0,1000000,20,,,policygenius,pg_leadgen_2023,,,HavenTermSI,HavenTermSI,Samuel,Osterud,1981-02-05 8:00:00,osterud@me.com,"2061 Bonniebrae Dr, Lake Oswego, OR 97034",5039893546
64a8e87826d3570019d93cad,410036107,,2023-07-08 0:39:20,2023-07-08 0:48:00,,,,,,0,0,1,0,100000,15,999,Declined (Uninsurable),policygenius,pg_leadgen_2023,,,HavenTermSI,HavenTermSI,Verna,Ali,1969-12-27 0:00:00,vernaali.7@gmail.com,"5100 Eisenhauer #1134, San Antonio, TX 78218",2103945025
64aadb97961e9f001842685b,410036160,,2023-07-09 12:08:55,,,,,,,0,1,0,0,500000,20,,,policygenius,pg_leadgen_2023,,,HavenTermSI,HavenTermSI,Kyle,Pottinger,1985-05-30 0:00:00,smpottinger@aol.com,"735 Marbrook Saddle , League City, TX 77573",8322150101
64ad3c1597b3c10019ded021,410036285,,2023-07-11 7:25:09,2023-07-11 7:36:54,,,,,,0,0,1,0,75000,15,999,Declined (Uninsurable),policygenius,pg_SQleads_2023,,,HavenTermSI,HavenTermSI,Shawna,Fliehman,1970-11-01 0:00:00,shawnaneal54@yahoo.com,"707 Center Street, Ironton, OH 45638",7405505043
64aeafece7f189001bba48e1,410036347,,2023-07-12 9:51:40,,,,,,,0,1,0,0,100000,10,,,policygenius,pg_SQleads_2023,,,HavenTermSI,HavenTermSI,stephen,javetski,1971-08-19 4:00:00,sjavetski@protonmail.com,"460 Hillsborough Dr, Conway, SC 29526",8432401437
64af5973e7f189001bba64a2,410036406,,2023-07-12 21:54:59,2023-07-12 22:04:07,,,,,,0,0,1,0,75000,20,999,Declined (Uninsurable),policygenius,pg_SQleads_2023,,,HavenTermSI,HavenTermSI,Veronica,Brown,1979-05-17 0:00:00,brownveronica517@gmail.com,"502 Fairview Ave 4201, Lebanon, TN 37087",6157754537
64b596c697b3c10019df4240,410036621,,2023-07-17 15:30:14,,,,,,,0,1,0,0,100000,15,,,policygenius,pg_leadgen_2023,,,HavenTermSI,HavenTermSI,Kevin,Whitlock,1969-07-28 0:00:00,kevinw949@aol.com,"512 Michael Ave, Interlachen, FL 32148",3523173465
64b6a12813bfc0001692db10,410036654,,2023-07-18 10:26:48,2023-07-18 10:32:31,2023-07-18 10:32:31,,,,,0,1,0,8.39,50000,20,7,Better,policygenius,pg_leadgen_2023,,,HavenTermSI,HavenTermSI,Milina,Franke-keller,1986-07-11 0:00:00,milinafranke86@gmail.com,"8000 Hampton Blvd apt 101 , North Lauderdale, FL 33068",9548017722
64b6cd0213bfc0001692e11f,410036664,,2023-07-18 13:33:54,2023-07-18 13:37:34,2023-07-18 13:37:34,2023-07-18 13:46:03,2023-07-18 13:46:12,In Force (IF2 Active) : Billing Recurring (BR1 Billing Recurring),2023-10-18 13:46:03,0,0,0,67,1000000,10,6,Best,policygenius,pg_SQleads_2023,,,HavenTermSI,HavenTermSI,Laura,Crigler,1980-01-10 0:00:00,krenzi@crigler.com,"6184 Mortimer Ct. NW, Acworth, GA 30101",4042192979
64b841fd961e9f00184340bc,410036735,,2023-07-19 16:05:17,,,,,,,0,1,0,0,850000,20,,,policygenius,pg_SQleads_2023,,,HavenTermSI,HavenTermSI,Kayla,Thompson,1988-07-10 0:00:00,kthompson101@outlook.com,"985 Slalom Ball Ln. SW, Pine Island, MN 55963",5072720641
64baec3197b3c10019df938c,410036825,,2023-07-21 16:36:01,,,,,,,0,1,0,0,500000,20,,,policygenius,pg_SQleads_2023,,,HavenTermSI,HavenTermSI,Robert,Fitzpatrick,1979-04-14 0:00:00,rryanfitzpatrick@yahoo.com,"5385 Autumn Oak Dr, Liberty Township, OH 45044",5132383024
64bb6420961e9f00184373da,410036840,,2023-07-22 1:07:44,2023-07-22 1:34:38,,,,,,0,0,1,0,50000,15,999,Declined (Uninsurable),policygenius,pg_SQleads_2023,,,HavenTermSI,HavenTermSI,Travis,Kernan,1978-10-04 0:00:00,dankc3@hotmail.com,"924 Main st, Augusta, WI 54722",7158642556
64bd9272961e9f0018438d28,410036899,,2023-07-23 16:49:54,2023-07-23 16:55:19,,,,,,0,0,1,0,150000,10,999,Declined (Uninsurable),policygenius,pg_NCleads_2023,,,HavenTermSI,HavenTermSI,Jeremy,Page,1993-04-23 0:00:00,bdittome623@aol.com,"310 Edgemont Blvd , Perryville , MO 63775",5732753213
64c05f5e26d3570019da9886,410037049,,2023-07-25 19:48:46,,,,,,,0,1,0,0,100000,20,,,policygenius,pg_SQleads_2023,,,HavenTermSI,HavenTermSI,Janna,Rhodes,2003-04-09 0:00:00,kajlrhodes@msn.com,"7710 Magma Drive, Fayetteville, NC 28311",9107170315
64c279b9e7f189001bbb72eb,410037150,,2023-07-27 10:05:45,,,,,,,0,1,0,0,500000,10,,,policygenius,pg_NCleads_2023,,,HavenTermSI,HavenTermSI,Joshua,Larson,1974-02-21 0:00:00,josh_5150@comcast.net,"1354 Shadow Mountain Dr, Highlands Ranch, CO 80126",3033305398
64c4206f961e9f001843fd3f,410037242,,2023-07-28 16:09:19,2023-07-28 16:15:00,2023-07-28 16:15:00,,,,,0,1,0,86.21,175000,20,9,Tobacco,policygenius,pg_NCleads_2023,,,HavenTermSI,HavenTermSI,Ronald,Williams,1984-07-15 0:00:00,support@innovomediasolutions.com,"408 Skyview Drive Apt A, Birmingham, AL 35209",2052132748
64c4fbd3e7f189001bbb9bb7,410037266,,2023-07-29 7:45:23,2023-07-29 7:57:00,2023-07-29 7:57:00,2023-07-29 8:08:44,2023-07-29 8:08:53,In Force (IF2 Active) : Billing Recurring (BR1 Billing Recurring),2023-09-28 8:08:44,0,0,0,99.63,250000,15,7,Better,policygenius,pg_UAleads_2023,,,HavenTermSI,HavenTermSI,Cory,Liebmann,1971-10-28 0:00:00,cjliebmann@yahoo.com,"1025 Welsh Dr, Rockville, MD 20852",4146991951
64caaf5d961e9f0018443ecc,410037481,,2023-08-02 15:32:45,2023-08-02 15:37:32,,,,,,0,0,1,0,1000000,20,999,Declined (Uninsurable),policygenius,pg_NCleads_2023,,,HavenTermSI,HavenTermSI,Christopher,Lewis,1985-03-07 6:00:00,rxutlewis@gmail.com,"1661 Cordova Rd, Germantown, TN 38138",9014091436
64cb1f3613bfc00016941301,410037509,,2023-08-02 23:29:58,2023-08-02 23:37:52,2023-08-02 23:37:52,,,,,0,1,0,176.05,1000000,15,7,Better,policygenius,pg_SQleads_2023,,,HavenTermSI,HavenTermSI,Matthew,Miller,1979-01-03 0:00:00,mattmiller80@hotmail.com,"655 W 950 N, American Fork, UT 84003",4349530973
64ccc2e626d3570019db6446,410037577,,2023-08-04 5:20:38,2023-08-04 5:34:49,,,,,,0,0,1,0,35000,10,999,Declined (Uninsurable),policygenius,pg_NCleads_2023,,,HavenTermSI,HavenTermSI,Herman,Brashear,1985-12-26 0:00:00,brasheartrey36@gmail.com,"142 Country Home Lane, Benton, MO 63736",5739311975
64d2523e9b6c7b0019c43f04,410037815,,2023-08-08 10:33:34,2023-08-08 10:41:51,2023-08-08 10:41:51,,,,,0,1,0,54.05,1000000,20,6,Best,policygenius,pg_NCleads_2023,,,HavenTermSI,HavenTermSI,Daniel,Barriga,1990-01-28 0:00:00,danielsbarriga@gmail.com,"1453 W Sepulveda St, San Pedro, CA 90732",7143945052
64d3d773138deb001bf73e9e,410037876,,2023-08-09 14:14:11,2023-08-09 14:21:40,,,,,,0,0,1,0,25000,10,999,Declined (Uninsurable),policygenius,pg_SQleads_2023,,,HavenTermSI,HavenTermSI,Jennifer,Partlow,1989-06-21 0:00:00,jennifer.partlow31@gmail.com,"37847 new Lima rd, Rutland, OH 45775",7405086636
64d3dbfd03e55c00190869c6,410037877,,2023-08-09 14:33:33,2023-08-09 14:39:50,,,,,,0,0,1,0,500000,15,999,Declined (Uninsurable),policygenius,pg_leadgen_2023,,,HavenTermSI,HavenTermSI,Douglas,Whitefield,1968-08-06 0:00:00,brentwhitefield@hotmail.com,"10013 Florence Cir, Naples, FL 34119",2392980413
613d2f9f06edc9002b56082c,,,2021-09-11 18:37:19,,,,,,,0,0,0,0,250000,20,,,policygenius,pg_leadgen_2023,,,HavenTermSI,HavenTermSI,,,,m.townsend46@yahoo.com,,
6427769b79d45900268c45c0,,,2023-03-31 20:11:07,,,,,,,0,0,0,0,550000,15,,,policygenius,pg_leadgen_2023,,,HavenTermSI,HavenTermSI,,,,,,
646bb04f1e7ee20019e8240a,,,2023-05-22 14:11:27,,,,,,,0,0,0,0,1000000,10,,,policygenius,pg_leadgen_2023,,,HavenTermSI,HavenTermSI,,,,,,
6477e334c20b3e0018377bf7,,,2023-05-31 20:15:48,,,,,,,0,0,0,0,300000,10,,,policygenius,pg_leadgen_2023,,,HavenTermSI,HavenTermSI,,,,,,
6477fab1964d3e001a7934a8,,,2023-05-31 21:56:01,,,,,,,0,0,0,0,300000,15,,,policygenius,pg_leadgen_2023,,,HavenTermSI,HavenTermSI,,,,nf00025@gmail.com,,
647915c0c20b3e001837988a,,,2023-06-01 18:03:44,,,,,,,0,0,0,0,450000,15,,,policygenius,pg_leadgen_2023,,,HavenTermSI,HavenTermSI,,,,dvr927@gmail.com,,
64792f72964d3e001a794bac,,,2023-06-01 19:53:22,,,,,,,0,0,0,0,1000000,20,,,policygenius,pg_leadgen_2023,,,HavenTermSI,HavenTermSI,,,,,,
6479333fcebb350019866247,,,2023-06-01 20:09:35,,,,,,,0,0,0,0,250000,20,,,policygenius,pg_leadgen_2023,,,HavenTermSI,HavenTermSI,,,,,,
6479379749561a00184430e8,,,2023-06-01 20:28:07,,,,,,,0,0,0,0,500000,15,,,policygenius,pg_leadgen_2023,,,HavenTermSI,HavenTermSI,,,,,,
64796790a1b9b2001a8083d2,,,2023-06-01 23:52:48,,,,,,,0,0,0,0,500000,20,,,policygenius,pg_leadgen_2023,,,HavenTermSI,HavenTermSI,,,,,,
647a488fcebb350019868e3a,,,2023-06-02 15:52:47,,,,,,,0,0,0,0,500000,20,,,policygenius,pg_leadgen_2023,,,HavenTermSI,HavenTermSI,,,,,,
6481ba6249561a001844a406,,,2023-06-08 7:24:18,,,,,,,0,0,0,0,250000,20,,,policygenius,pg_leadgen_2023,,,HavenTermSI,HavenTermSI,,,,,,
649e06eaa1b9b2001a82ffe5,,,2023-06-29 18:34:18,,,,,,,0,0,0,0,300000,10,,,policygenius,pg_leadgen_2023,,,HavenTermSI,HavenTermSI,,,,,,
64a48d9449561a001847169c,,,2023-07-04 17:22:28,,,,,,,0,0,0,0,1000000,20,,,policygenius,pg_SQleads_2023,,,HavenTermSI,HavenTermSI,,,,cordelia_alvarado@yahoo.com,,
64a7706be7f189001bb9c421,,,2023-07-06 21:54:51,,,,,,,0,0,0,0,250000,15,,,policygenius,pg_SQleads_2023,,,HavenTermSI,HavenTermSI,,,,,,
64ac3971e7f189001bba0578,,,2023-07-10 13:01:37,,,,,,,0,0,0,0,300000,10,,,policygenius,pg_leadgen_2023,,,HavenTermSI,HavenTermSI,,,,,,
64aea7d9e7f189001bba4759,,,2023-07-12 9:17:13,,,,,,,0,0,0,0,400000,20,,,policygenius,pg_SQleads_2023,,,HavenTermSI,HavenTermSI,,,,,,
64d3efc38917cd001aecbd08,410037882,,2023-08-09 15:57:55,2023-08-09 16:04:10,,,,,,0,0,1,0,1000000,20,999,Declined (Uninsurable),policygenius,pg_SQleads_2023,,,HavenTermSI,HavenTermSI,Vladimir,Shafiro,1977-07-10 0:00:00,vshafiro@gmail.com,"6608 Merryvale Lane, Port Orange, FL 32128",9173786564
64af10dde7f189001bba5881,,,2023-07-12 16:45:17,,,,,,,0,0,0,0,250000,20,,,policygenius,pg_SQleads_2023,,,HavenTermSI,HavenTermSI,,,,,,
64e13370138deb001bf7dc34,410038336,,2023-08-19 17:26:08,,,,,,,0,0,1,0,300000,5,,,policygenius,pg_NCleads_2023,,,HavenTermSI,HavenTermSI,charles,fullilove,1978-03-23 0:00:00,charles78f.mcf@gmail.com,"220 West 110th Street UNIT 2, Chicago, IL 60628",3122001818
64bb6420961e9f00184373da,,,2023-07-22 1:07:44,,,,,,,0,0,0,0,250000,15,,,policygenius,pg_SQleads_2023,,,HavenTerm,HavenTermSI,,,,dankc3@hotmail.com,,
64e51b168917cd001aed7227,410038468,,2023-08-22 16:31:18,2023-08-22 16:37:49,,,,,,0,0,1,0,50000,15,999,Declined (Uninsurable),policygenius,pg_NCleads_2023,,,HavenTermSI,HavenTermSI,Greg,Eddy,1968-10-20 4:00:00,ciberbus@gmail.com,"6707 Poland Center Dr, Poland, OH 44514",3303603394
64bd9272961e9f0018438d28,,,2023-07-23 16:49:54,,,,,,,0,0,0,0,250000,10,,,policygenius,pg_NCleads_2023,,,HavenTerm,HavenTermSI,,,,bdittome623@aol.com,,
64be89bce7f189001bbb29c0,,,2023-07-24 10:25:00,,,,,,,0,0,0,0,1000000,20,,,policygenius,pg_SQleads_2023,,,HavenTermSI,HavenTermSI,,,,chargocorp10@gmail.com,,
64bfe95e97b3c10019dfd76a,,,2023-07-25 11:25:18,,,,,,,0,0,0,0,1000000,20,,,policygenius,pg_SQleads_2023,,,HavenTermSI,HavenTermSI,,,,jump4joy13@gmail.com,,
64c8270197b3c10019e05ae4,,,2023-07-31 17:26:25,,,,,,,0,0,0,0,150000,20,,,policygenius,pg_SQleads_2023,,,HavenTermSI,HavenTermSI,,,,,,
64e8c075e05fa50017fff2ab,410038589,,2023-08-25 10:53:41,2023-08-25 11:03:44,2023-08-25 11:03:44,,,,,0,1,0,54.22,1000000,20,6,Best,policygenius,pg_NCleads_2023,,,HavenTermSI,HavenTermSI,Benjamin,Falk,1988-04-27 0:00:00,bencfalk@gmail.com,"24647 Maidstone Lane, Beachwood, OH 44122",5039640041
64ccc2e626d3570019db6446,,,2023-08-04 5:20:38,,,,,,,0,0,0,0,250000,10,,,policygenius,pg_NCleads_2023,,,HavenTerm,HavenTermSI,,,,brasheartrey36@gmail.com,,
64ef007e8917cd001aeddc8c,410038784,,2023-08-30 4:40:30,2023-08-30 4:47:14,2023-08-30 4:47:14,2023-08-30 4:50:49,2023-08-30 4:50:58,In Force (IF2 Active) : Billing Recurring (BR1 Billing Recurring),2023-09-28 19:50:49,0,0,0,26.14,750000,20,6,Best,policygenius,pg_NCleads_2023,,,HavenTermSI,HavenTermSI,Krystal,Yoon,1994-07-03 0:00:00,krys7394@gmail.com,"1391 KAPIOLANI BLVD APT #1906, Honolulu, HI 96821",8085613340
64f08fb08917cd001aedef05,410038832,,2023-08-31 9:03:44,2023-08-31 9:11:23,,,,,,0,0,1,0,600000,20,999,Declined (Uninsurable),policygenius,pg_NCleads_2023,,,HavenTermSI,HavenTermSI,Jenna,Holzmacher,1989-01-11 0:00:00,jrh1189@hotmail.com,"668 lambton lane , Naples, FL 34104",5167546990
64f51f178917cd001aee1d1b,410038943,,2023-09-03 20:04:39,2023-09-03 20:31:07,,,,,,0,0,1,0,75000,15,999,Declined (Uninsurable),policygenius,pg_leadgen_2023,,,HavenTermSI,HavenTermSI,David,Troyer,1988-06-24 0:00:00,megank844@gmail.com,"1317 Garretts Hideout Rd, Glasgow, KY 42141",2705763180
64cd02e826d3570019db6661,,,2023-08-04 9:53:44,,,,,,,0,0,0,0,500000,20,,,policygenius,pg_SQleads_2023,,,HavenTermSI,HavenTermSI,,,,,,
64cd49c097b3c10019e0a730,,,2023-08-04 14:56:00,,,,,,,0,0,0,0,500000,20,,,policygenius,pg_SQleads_2023,,,HavenTermSI,HavenTermSI,,,,,,
64cd7aa826d3570019db77d6,,,2023-08-04 18:24:40,,,,,,,0,0,0,0,1000000,20,,,policygenius,pg_SQleads_2023,,,HavenTermSI,HavenTermSI,,,,katherineargento@gmail.com,,
64ce47f0961e9f0018447c39,,,2023-08-05 9:00:32,,,,,,,0,0,0,0,75000,20,,,policygenius,pg_leadgen_2023,,,HavenTermSI,HavenTermSI,,,,,,
64dbf3e8138deb001bf79bac,,,2023-08-15 17:53:44,,,,,,,0,0,0,0,200000,20,,,policygenius,pg_NCleads_2023,,,HavenTermSI,HavenTermSI,,,,,,
64dcd08c03e55c001908d5d6,,,2023-08-16 9:35:08,,,,,,,0,0,0,0,500000,10,,,policygenius,pg_NCleads_2023,,,HavenTermSI,HavenTermSI,,,,,,
64e6ac15138deb001bf82306,,,2023-08-23 21:02:13,,,,,,,0,0,0,0,450000,20,,,policygenius,pg_NCleads_2023,,,HavenTermSI,HavenTermSI,,,,,,
64cac0a513bfc00016940a7d,,,2023-08-02 16:46:29,,,,,,,0,0,0,0,800000,15,,,policygenius,pg_SQleads_2023,,,HavenTermSI,HavenTermSI,,,,ravenf32@gmail.com,,
64797c0249561a0018443dad,,,2023-06-02 1:20:02,,,,,,,0,0,0,0,1000000,20,,,policygenius,pg_leadgen_2023,,,HavenTermSI,HavenTermSI,,,,,,
64781632c20b3e001837807b,,,2023-05-31 23:53:22,,,,,,,0,0,0,0,1000000,15,,,policygenius,pg_leadgen_2023,,,HavenTermSI,HavenTermSI,,,,,,
64781486c20b3e0018378014,,,2023-05-31 23:46:14,,,,,,,0,0,0,0,1000000,20,,,policygenius,pg_leadgen_2023,,,HavenTermSI,HavenTermSI,,,,,,
646bc170a86e1600191402bc,,,2023-05-22 15:24:32,,,,,,,0,0,0,0,150000,15,,,policygenius,pg_leadgen_2023,,,HavenTermSI,HavenTermSI,,,,patriiciamathis21@gmail.com,,
64e9053f138deb001bf84408,,,2023-08-25 15:47:11,,,,,,,0,0,0,0,200000,20,,,policygenius,pg_NCleads_2023,,,HavenTermSI,HavenTermSI,,,,,,
64f257bee05fa5001700548f,,,2023-09-01 17:29:34,,,,,,,0,0,0,0,500000,20,,,policygenius,pg_UAleads_2023,,,HavenTermSI,HavenTermSI,,,,,,
6500c726677e9600175f5e56,410039296,,2023-09-12 16:16:38,2023-09-12 16:21:37,2023-09-12 16:21:37,2023-09-12 16:25:19,2023-09-12 16:25:27,In Force (IF1 Free Look) : Billing Recurring (BR1 Billing Recurring),2023-10-12 16:25:19,0,0,0,37.35,300000,20,7,Better,policygenius,pg_NCleads_2023,,,HavenTermSI,HavenTermSI,Elaine,Mills,1983-03-08 0:00:00,laineykm@gmail.com,"19 russell St, Branford, CT 06405",8605751146
64fde2fd6bce4e0017d9e5de,,,2023-09-10 11:38:37,,,,,,,0,0,0,0,750000,20,,,policygenius,pg_UAleads_2023,,,HavenTermSI,HavenTermSI,,,,Mendezgarcia5@gmail.com,,
64ff822e3c2b980018270f76,,,2023-09-11 17:10:06,,,,,,,0,0,0,0,50000,20,,,policygenius,pg_NCleads_2023,,,HavenTermSI,HavenTermSI,,,,,,
6500c5d03c2b980018271ccd,,,2023-09-12 16:10:56,,,,,,,0,0,0,0,200000,15,,,policygenius,pg_NCleads_2023,,,HavenTermSI,HavenTermSI,,,,,,
646e0f931e7ee20019e86b8e,,,2023-05-24 9:22:27,,,,,,,0,0,0,0,500000,20,,,policygenius,pg_leadgen_2023,,,HavenTermSI,HavenTermSI,,,,russ+123test@havenlife.com,,
64793508c20b3e0018379ddb,,,2023-06-01 20:17:12,,,,,,,0,0,0,0,300000,15,,,policygenius,pg_leadgen_2023,,,HavenTermSI,HavenTermSI,,,,familyunit70@gmail.com,,
65013de76bce4e0017da0aca,,,2023-09-13 0:43:19,,,,,,,0,0,0,0,500000,15,,,policygenius,pg_NCleads_2023,,,HavenTermSI,HavenTermSI,,,,,,
64791fd949561a001844284a,,,2023-06-01 18:46:49,,,,,,,0,0,0,0,1000000,20,,,policygenius,pg_leadgen_2023,,,HavenTermSI,HavenTermSI,,,,,,
647dceedcebb35001986b1e0,,,2023-06-05 8:02:53,,,,,,,0,0,0,,,,,,policygenius,pg_leadgen_2023,,,HavenTermSI,HavenTermSI,,,,,,
64ac2970e7f189001bba0334,,,2023-07-10 11:53:20,,,,,,,0,0,0,,,,,,policygenius,pg_leadgen_2023,,,HavenTermSI,HavenTermSI,,,,,,
64e1769703e55c0019090ed8,,,2023-08-19 22:12:39,,,,,,,0,0,0,0,800000,20,,,policygenius,pg_NCleads_2023,,,HavenTermSI,HavenTermSI,,,,,,
64ec9115138deb001bf86124,,,2023-08-28 8:20:37,,,,,,,0,0,0,0,1000000,20,,,policygenius,pg_NCleads_2023,,,HavenTermSI,HavenTermSI,,,,,,
6502fb13b92a200018c33602,,,2023-09-14 8:22:43,,,,,,,0,0,0,0,50000,20,,,policygenius,pg_leadgen_2023,,,HavenTermSI,HavenTermSI,,,,claudinenana49@yahoo.com,,
646c53b01e7ee20019e8425f,,,2023-05-23 1:48:32,,,,,,,0,0,0,0,50000,5,,,policygenius,pg_leadgen_2023,,,HavenTermSI,HavenTermSI,,,,,,
64aa5236961e9f00184260e4,,,2023-07-09 2:22:46,,,,,,,0,0,0,0,75000,10,,,policygenius,pg_leadgen_2023,,,HavenTermSI,HavenTermSI,,,,,,
650345be728a080017726573,410039378,,2023-09-14 13:41:18,2023-09-14 13:45:33,2023-09-14 13:45:33,2023-09-14 13:51:24,2023-09-14 13:51:33,In Force (IF1 Free Look) : Billing Recurring (BR1 Billing Recurring),2023-10-14 13:51:24,0,0,0,31.44,800000,20,6,Best,policygenius,pg_NCleads_2023,,,HavenTermSI,HavenTermSI,Molly,Laage,1989-11-01 0:00:00,mollylaage@gmail.com,"145 Aberdeen Ave, Oakwood, OH 45419",9378239489
6503b7816bce4e0017da1fc7,,,2023-09-14 21:46:41,,,,,,,0,0,0,0,1000000,20,,,policygenius,pg_NCleads_2023,,,HavenTermSI,HavenTermSI,,,,,,
6477e32149561a00184413bd,,,2023-05-31 20:15:29,,,,,,,0,0,0,0,300000,10,,,policygenius,pg_leadgen_2023,,,HavenTermSI,HavenTermSI,,,,sarahmcorchado@gmail.com,,
6477fbf1a1b9b2001a8057f6,,,2023-05-31 22:01:21,,,,,,,0,0,0,0,100000,20,,,policygenius,pg_leadgen_2023,,,HavenTermSI,HavenTermSI,,,,,,
647909abc20b3e0018379684,,,2023-06-01 17:12:11,,,,,,,0,0,0,0,600000,20,,,policygenius,pg_leadgen_2023,,,HavenTermSI,HavenTermSI,,,,ecurry55@gmail.com,,
64793095cebb3500198660bf,,,2023-06-01 19:58:13,,,,,,,0,0,0,0,900000,20,,,policygenius,pg_leadgen_2023,,,HavenTermSI,HavenTermSI,,,,,,
647a9357cebb35001986926f,,,2023-06-02 21:11:51,,,,,,,0,0,0,0,200000,15,,,policygenius,pg_leadgen_2023,,,HavenTermSI,HavenTermSI,,,,,,
64af5b51e7f189001bba65d6,,,2023-07-12 22:02:57,,,,,,,0,0,0,0,400000,15,,,policygenius,pg_SQleads_2023,,,HavenTermSI,HavenTermSI,,,,shbgmw@gmail.com,,
65036f51677e9600175f83fb,410039391,,2023-09-14 16:38:41,,,,,,,1,0,0,0,1000000,15,,,policygenius,pg_NCleads_2023,,,HavenTermSI,HavenTermSI,Sada,Scott,1985-07-24 0:00:00,sademohammad85@gmail.com,"12350 upper mar dr , Houston, TX 77346",7134430686
65086aa43c2b980018275c2d,410039504,,2023-09-18 11:20:04,,,,,,,1,0,0,223.6,1000000,20,,,policygenius,pg_leadgen_2023,,,HavenTermSI,HavenTermSI,Carl,Michaels,1983-07-02 0:00:00,cjmichaels83@yahoo.com,"806 Hohl , Houston, TX 77022",8323843137
649d9b76cebb35001988c044,416572427,,2023-06-29 10:55:50,2023-06-29 11:23:57,2023-08-23 13:27:23,2023-06-29 11:25:20,,,,0,1,0,52.58,350000,20,3,Standard (Non-Smoker),policygenius,pg_leadgen_2023,,,HavenTerm,HavenTermSI,Dustin,Mahlich,1986-02-05 0:00:00,dmahlich86@gmail.com,"4531 thurlby rd, Mason, MI 48854",5175255376
65063027728a080017728c68,,,2023-09-16 18:45:59,,,,,,,0,0,0,,,,,,policygenius,pg_NCleads_2023,,,HavenTermSI,HavenTermSI,,,,bundyrick3@gmail.com,,
6477d177a1b9b2001a80552a,,,2023-05-31 19:00:07,,,,,,,0,0,0,0,500000,15,,,policygenius,pg_leadgen_2023,,,HavenTermSI,HavenTermSI,,,,pavan.mutha@gmail.com,,
6477f88f49561a00184414af,,,2023-05-31 21:46:55,,,,,,,0,0,0,,,,,,policygenius,pg_leadgen_2023,,,HavenTermSI,HavenTermSI,,,,,,
647f91cecebb35001986d16b,,,2023-06-06 16:06:38,,,,,,,0,0,0,0,300000,15,,,policygenius,pg_leadgen_2023,,,HavenTermSI,HavenTermSI,,,,gmrnmom@gmail.com,,
64a65f78e7f189001bb9ab6f,416573007,,2023-07-06 2:30:16,2023-07-06 3:20:06,,2023-07-06 3:24:15,,,,0,0,1,0,250000,20,999,Declined (Uninsurable),policygenius,pg_SQleads_2023,,,HavenTerm,HavenTermSI,Wendy,Rossetti,1970-06-12 0:00:00,wendyrossetti@yahoo.com,"513 N Broadway , Geneva, OH 44041",4403613294